DATE,SERIES_1,SERIES_2
2020-07-31,15.165571,15.016557
2020-08-01,14.95583,14.997309
2020-08-02,15.219566,15.025259
2020-08-03,15.512936,15.056026
2020-08-04,14.928632,14.9988785
2020-08-05,14.929896,15.000137
2020-08-06,15.535441,15.061677
2020-08-07,15.265779,15.035548
2020-08-08,14.854241,14.995084
2020-08-09,15.192186,15.029419
2020-08-10,14.857299,14.996324
2020-08-11,14.8568,14.996519
2020-08-12,15.092806,15.020217
2020-08-13,14.374335,14.948319
2020-08-14,14.436903,14.954378
2020-08-15,14.824061,14.992748
2020-08-16,14.673332,14.977181
2020-08-17,15.11498,15.020706
2020-08-18,14.706679,14.979086
2020-08-19,14.537546,14.961237
2020-08-20,15.49566,15.055965
2020-08-21,14.930484,14.998218
2020-08-22,15.026723,15.006464
2020-08-23,14.527602,14.955027
2020-08-24,14.819201,14.982516
2020-08-25,15.035616,15.002339
2020-08-26,14.612795,14.958093
2020-08-27,15.119347,15.006638
2020-08-28,14.791392,14.971583
2020-08-29,14.891703,14.979211
2020-08-30,14.785532,14.966044
2020-08-31,15.600531,15.0448475
2020-09-01,14.975449,14.979498
2020-09-02,14.624057,14.94137
2020-09-03,15.247328,15.000565
2020-09-04,14.562555,14.928808
2020-09-05,15.035321,14.972662
2020-09-06,14.308513,14.896414
2020-09-07,14.51488,14.913337
2020-09-08,15.018943,14.959885
2020-09-09,15.195031,14.973491
2020-09-10,15.00139,14.94998
2020-09-11,14.90095,14.935645
2020-09-12,14.834206,14.924537
2020-09-13,14.436645,14.880201
2020-09-14,14.684291,14.900245
2020-09-15,14.765286,14.903479
2020-09-16,15.265643,14.948506
2020-09-17,15.022084,14.918999
2020-09-18,14.313983,14.842895
2020-09-19,15.003653,14.906427
2020-09-20,14.7610655,14.87659
2020-09-21,14.657431,14.860507
2020-09-22,15.080449,14.896947
2020-09-23,15.213553,14.904254
2020-09-24,15.173488,14.894104
2020-09-25,14.57634,14.828105
2020-09-26,14.745868,14.838632
2020-09-27,14.9520645,14.852685
2020-09-28,15.159374,14.866711
2020-09-29,14.666862,14.810615
2020-09-30,14.756938,14.812636
2020-10-01,14.442131,14.774032
2020-10-02,14.404104,14.762967
2020-10-03,15.065457,14.8217
2020-10-04,15.2383175,14.831446
2020-10-05,14.753704,14.775307
2020-10-06,15.103534,14.802474
2020-10-07,14.880732,14.772241
2020-10-08,14.536158,14.729693
2020-10-09,14.862523,14.754105
2020-10-10,15.245444,14.784033
2020-10-11,14.71138,14.722128
2020-10-12,15.235275,14.765882
2020-10-13,13.830734,14.616657
2020-10-14,14.968056,14.721485
2020-10-15,14.713059,14.686946
2020-10-16,14.574182,14.663884
2020-10-17,14.694096,14.666567
2020-10-18,13.990495,14.586765
2020-10-19,14.569156,14.635057
2020-10-20,14.75063,14.6434965
2020-10-21,15.11329,14.669922
2020-10-22,14.436823,14.592304
2020-10-23,14.3288555,14.5714035
2020-10-24,14.419728,14.570255
2020-10-25,14.880596,14.605976
2020-10-26,14.673385,14.5747595
2020-10-27,14.375405,14.534334
2020-10-28,14.711132,14.557152
2020-10-29,14.560307,14.531183
2020-10-30,14.838591,14.547997
2020-10-31,14.269311,14.479926
2020-11-01,14.381584,14.479882
2020-11-02,14.347437,14.46507
2020-11-03,13.977495,14.41655
2020-11-04,14.551095,14.462258
2020-11-05,14.526319,14.448003
2020-11-06,14.427778,14.426245
2020-11-07,14.334512,14.404888
2020-11-08,13.927412,14.352023
2020-11-09,14.245344,14.371537
2020-11-10,14.257542,14.360355
2020-11-11,14.090435,14.331118
2020-11-12,14.290045,14.33843
2020-11-13,14.464298,14.343083
2020-11-14,14.944017,14.378161
2020-11-15,14.359019,14.306646
2020-11-16,14.37208,14.294815
2020-11-17,14.246685,14.269019
2020-11-18,13.617046,14.863574
2020-11-19,14.232802,14.92607
2020-11-20,14.246588,14.928384
2020-11-21,15.032331,15.007909
2020-11-22,14.131738,14.918814
2020-11-23,14.28085,14.934704
2020-11-24,14.153111,14.922925
2020-11-25,13.759341,14.884556
2020-11-26,14.513931,14.961036
2020-11-27,14.367595,14.947439
2020-11-28,14.36446,14.948176
2020-11-29,13.781359,14.890931
2020-11-30,14.5356655,14.967441
2020-12-01,13.584238,14.873391
2020-12-02,14.230468,14.93912
2020-12-03,14.748205,14.992014
2020-12-04,13.670953,14.885424
2020-12-05,13.795321,14.899008
2020-12-06,14.000137,14.920651
2020-12-07,13.781807,14.899996
2020-12-08,13.415334,14.864536
2020-12-09,13.937543,14.917959
2020-12-10,13.542936,14.879715
2020-12-11,14.03713,14.930364
2020-12-12,13.554901,14.883383
2020-12-13,14.360011,14.965151
2020-12-14,13.564157,14.886834
2020-12-15,13.699643,14.901665
2020-12-16,14.05981,14.938976
2020-12-17,13.359874,14.870291
2020-12-18,13.827392,14.918363
2020-12-19,14.168581,14.953815
2020-12-20,13.178221,14.856127
2020-12-21,13.756662,14.91533
2020-12-22,13.762702,14.917307
2020-12-23,13.917526,14.934173
2020-12-24,13.225335,14.866349
2020-12-25,13.178124,14.863038
2020-12-26,13.772772,14.923924
2020-12-27,13.678192,14.9159
2020-12-28,13.642993,14.913826
2020-12-29,13.655169,14.916501
2020-12-30,13.293094,14.881764
2020-12-31,13.577165,14.9116535
2021-01-01,13.577311,14.913162
2021-01-02,13.2212715,14.879065
2021-01-03,14.060977,14.964554
2021-01-04,13.57656,14.917641
2021-01-05,13.000973,14.861622
2021-01-06,13.596283,14.922705
2021-01-07,13.0317955,14.86782
2021-01-08,13.598207,14.926037
2021-01-09,13.701103,14.937914
2021-01-10,13.020304,14.871431
2021-01-11,13.593851,14.930394
2021-01-12,13.389084,14.911538
2021-01-13,13.50418,14.924678
2021-01-14,13.840997,14.960002
2021-01-15,13.105416,14.888097
2021-01-16,12.9143505,14.870653
2021-01-17,12.8473835,14.865631
2021-01-18,12.850151,14.867592
2021-01-19,13.074494,14.891721
2021-01-20,13.191928,14.90517
2021-01-21,13.148369,14.902531
2021-01-22,13.309706,14.920391
2021-01-23,13.01606,14.892763
2021-01-24,13.4739,14.940293
2021-01-25,12.878745,14.882535
2021-01-26,13.851175,14.981544
2021-01-27,13.130412,14.911244
2021-01-28,12.613458,14.861334
2021-01-29,12.519449,14.853731
2021-01-30,13.01439,14.905031
2021-01-31,12.75615,14.8810215
2021-02-01,13.045629,14.911793
2021-02-02,12.942285,14.903294
2021-02-03,12.737093,14.884617
2021-02-04,12.455857,14.858347
2021-02-05,12.209847,14.835607
2021-02-06,12.542556,14.8707485
2021-02-07,12.953382,14.913711
2021-02-08,12.715725,14.891834
2021-02-09,12.205485,14.842708
2021-02-10,12.6547575,14.889541
2021-02-11,12.701695,14.89615
2021-02-12,12.25479,14.853381
2021-02-13,12.576735,14.887507
2021-02-14,12.520907,14.883866
2021-02-15,12.096457,14.843369
2021-02-16,12.572584,14.892939
2021-02-17,12.616057,14.89925
2021-02-18,12.765886,14.916205
2021-02-19,12.731812,14.914779
2021-02-20,11.896929,14.833279
2021-02-21,12.019089,14.847491
2021-02-22,12.478858,14.895472
2021-02-23,12.45386,14.894983
2021-02-24,12.429639,14.89458
2021-02-25,13.517497,15.005393
2021-02-26,12.398788,14.8955555
2021-02-27,12.562191,14.913936
2021-02-28,12.476791,14.907444
2021-03-01,12.350984,14.896917
2021-03-02,12.00377,14.864259
2021-03-03,12.336803,14.8996315
2021-03-04,11.801102,14.848138
2021-03-05,11.954615,14.865571
2021-03-06,11.846558,14.856854
2021-03-07,12.010376,14.875332
2021-03-08,12.729326,14.949328
2021-03-09,11.309991,14.809504
2021-03-10,12.135755,14.894195
2021-03-11,11.343971,14.817135
2021-03-12,11.698727,14.854739
2021-03-13,12.193468,14.906345
2021-03-14,11.826313,14.871768
2021-03-15,11.419997,14.833281
2021-03-16,11.515124,14.844943
2021-03-17,11.954363,14.891024
2021-03-18,11.458605,14.843609
2021-03-19,11.748402,14.874754
2021-03-20,11.665587,14.868644
2021-03-21,11.407307,14.844993
2021-03-22,12.313227,14.937767
2021-03-23,11.783919,14.887025
2021-03-24,10.871563,14.79798
2021-03-25,11.582726,14.871293
2021-03-26,11.273906,14.842613
2021-03-27,11.75254,14.892684
2021-03-28,11.178083,14.837447
2021-03-29,11.377843,14.85964
2021-03-30,11.558217,14.879899
2021-03-31,11.652242,14.891524
2021-04-01,10.937299,14.822259
2021-04-02,11.199611,14.850721
2021-04-03,11.126482,14.845645
2021-04-04,11.04068,14.839306
2021-04-05,11.820576,14.919539
2021-04-06,11.340695,14.8738
2021-04-07,10.758993,14.817882
2021-04-08,11.458807,14.890118
2021-04-09,11.83378,14.929873
2021-04-10,11.444074,14.893165
2021-04-11,10.566966,14.80772
2021-04-12,10.885495,14.841842
2021-04-13,11.4426775,14.899831
2021-04-14,10.757935,14.833631
2021-04-15,11.115197,14.8716345
2021-04-16,11.198888,14.882283
2021-04-17,10.605106,14.825189
2021-04-18,10.867634,14.853726
2021-04-19,9.780434,14.747294
2021-04-20,10.4927635,14.820818
2021-04-21,10.723395,14.846174
2021-04-22,10.365006,14.81263
2021-04-23,11.298413,14.908267
2021-04-24,10.250897,14.805816
2021-04-25,10.554257,14.838452
2021-04-26,10.717842,14.857114
2021-04-27,11.128005,14.9004345
2021-04-28,10.142274,14.804168
2021-04-29,10.981928,14.890441
2021-04-30,10.570929,14.85165
2021-05-01,10.213658,14.8182335
2021-05-02,10.668172,14.865997
2021-05-03,10.553802,14.8568735
2021-05-04,10.260689,14.829876
2021-05-05,10.457346,14.851856
2021-05-06,10.27896,14.836332
2021-05-07,10.418563,14.852612
2021-05-08,10.574765,14.870548
2021-05-09,10.856066,14.900996
2021-05-10,9.888133,14.806521
2021-05-11,10.985104,14.918538
2021-05-12,9.596762,14.782023
2021-05-13,10.170237,14.841691
2021-05-14,10.390326,14.866019
2021-05-15,10.261282,14.855433
2021-05-16,9.933464,14.824972
2021-05-17,10.045083,14.838453
2021-05-18,9.923566,14.82862
2021-05-19,9.864902,14.825073
2021-05-20,10.318033,14.872705
2021-05-21,10.127332,14.855953
2021-05-22,9.75087,14.820624
2021-05-23,10.255239,14.873377
2021-05-24,10.03136,14.853305
2021-05-25,10.173455,14.869829
2021-05-26,10.085976,14.863395
2021-05-27,9.573392,14.81445
2021-05-28,9.636642,14.823086
2021-05-29,10.046141,14.866346
2021-05-30,9.974198,14.861462
2021-05-31,9.7375,14.840097
2021-06-01,9.757333,14.844387
2021-06-02,10.117895,14.882748
2021-06-03,9.468633,14.820124
2021-06-04,9.822035,14.857765
2021-06-05,9.54615,14.832475
2021-06-06,9.514898,14.831645
2021-06-07,9.927662,14.8752165
2021-06-08,9.810522,14.865794
2021-06-09,9.78057,14.865089
2021-06-10,9.918613,14.881182
2021-06-11,9.464543,14.838059
2021-06-12,9.65899,14.859787
2021-06-13,9.302418,14.826408
2021-06-14,9.488104,14.847254
2021-06-15,9.310919,14.831809
2021-06-16,9.360926,14.839081
2021-06-17,9.501314,14.855389
2021-06-18,9.004568,14.807979
2021-06-19,9.949196,14.904702
2021-06-20,8.890863,14.801127
2021-06-21,8.795991,14.793895
2021-06-22,9.561324,14.87268
2021-06-23,9.413788,14.860174
2021-06-24,9.332604,14.8543
2021-06-25,14.353919,14.854152
2021-06-26,14.138569,14.832512
2021-06-27,13.841752,14.802726
2021-06-28,14.164295,14.834876
2021-06-29,13.911501,14.809493
2021-06-30,14.460459,14.864287
2021-07-01,14.084602,14.826601
2021-07-02,13.856662,14.803706
2021-07-03,14.02291,14.820231
2021-07-04,14.265896,14.844432
2021-07-05,13.938563,14.8116
2021-07-06,13.850621,14.802711
2021-07-07,14.204151,14.837966
2021-07-08,14.202808,14.837737
2021-07-09,13.950408,14.812402
2021-07-10,13.960614,14.81333
2021-07-11,14.19322,14.836497
2021-07-12,13.631425,14.780226
2021-07-13,13.643216,14.781315
2021-07-14,13.871145,14.804017
2021-07-15,14.037738,14.820586
2021-07-16,14.210786,14.837802
2021-07-17,14.597203,14.876355
2021-07-18,14.389578,14.855507
2021-07-19,14.048655,14.821329
2021-07-20,14.093909,14.825768
2021-07-21,13.764356,14.792728
2021-07-22,14.09065,14.825274
2021-07-23,13.998894,14.816016
2021-07-24,14.200982,14.836143
2021-07-25,13.815968,14.79756
2021-07-26,14.263131,14.8421955
2021-07-27,14.599237,14.875727
2021-07-28,14.0503845,14.820764
2021-07-29,14.218858,14.837533
2021-07-30,14.313323,14.846902
2021-07-31,15.596259,15.716625
2021-08-01,15.806616,15.739388
2021-08-02,15.737868,15.734091
2021-08-03,15.7678175,15.738515
2021-08-04,15.4790125,15.710916
2021-08-05,15.746112,15.738759
2021-08-06,15.905036,15.755636
2021-08-07,16.223682,15.788339
2021-08-08,16.06049,15.772709
2021-08-09,16.459063,15.8131075
2021-08-10,15.485989,15.716192
2021-08-11,16.032816,15.77112
2021-08-12,15.803266,15.748262
2021-08-13,16.472029,15.815088
2021-08-14,15.472443,15.714932
2021-08-15,15.461584,15.713501
2021-08-16,15.541144,15.720963
2021-08-17,15.032266,15.669434
2021-08-18,15.564101,15.721828
2021-08-19,15.48527,15.713009
2021-08-20,15.787242,15.742125
2021-08-21,15.849663,15.747136
2021-08-22,16.359604,15.796752
2021-08-23,16.049328,15.7642
2021-08-24,15.538362,15.711432
2021-08-25,15.42917,15.698694
2021-08-26,15.890431,15.742856
2021-08-27,15.284036,15.680106
2021-08-28,16.332092,15.782654
2021-08-29,16.112082,15.758248
2021-08-30,15.559709,15.700461
2021-08-31,15.142059,15.656
2021-09-01,16.161238,15.755076
2021-09-02,15.668447,15.702809
2021-09-03,16.115753,15.744409
2021-09-04,15.168029,15.646358
2021-09-05,15.495909,15.675721
2021-09-06,15.693483,15.69191
2021-09-07,15.703269,15.689175
2021-09-08,15.5333,15.66832
2021-09-09,15.886492,15.699636
2021-09-10,15.318396,15.638681
2021-09-11,15.622041,15.664754
2021-09-12,15.704671,15.668583
2021-09-13,15.830964,15.676633
2021-09-14,15.891443,15.677959
2021-09-15,15.273953,15.611346
2021-09-16,15.131897,15.592132
2021-09-17,16.063438,15.680135
2021-09-18,15.7424345,15.64274
2021-09-19,15.376128,15.600674
2021-09-20,16.136477,15.671131
2021-09-21,15.6516285,15.616926
2021-09-22,15.999657,15.645867
2021-09-23,15.622394,15.6021385
2021-09-24,16.279978,15.661753
2021-09-25,16.171192,15.64459
2021-09-26,15.495951,15.57064
2021-09-27,15.8955,15.604029
2021-09-28,15.779317,15.585705
2021-09-29,16.012798,15.602208
2021-09-30,15.227185,15.516662
2021-10-01,15.769593,15.563778
2021-10-02,15.885648,15.568121
2021-10-03,14.938369,15.465991
2021-10-04,15.121818,15.476795
2021-10-05,14.827963,15.439733
2021-10-06,15.409221,15.490044
2021-10-07,15.729367,15.514105
2021-10-08,15.981983,15.531276
2021-10-09,15.496756,15.474527
2021-10-10,16.005636,15.517052
2021-10-11,14.993288,15.407318
2021-10-12,14.875934,15.386948
2021-10-13,15.415467,15.432131
2021-10-14,15.552111,15.436891
2021-10-15,15.403145,15.412953
2021-10-16,14.714704,15.334936
2021-10-17,15.363801,15.390537
2021-10-18,14.948195,15.339536
2021-10-19,15.595604,15.394702
2021-10-20,15.483792,15.373814
2021-10-21,15.037366,15.31933
2021-10-22,15.16829,15.322451
2021-10-23,14.975282,15.293046
2021-10-24,15.296087,15.314891
2021-10-25,15.623844,15.337302
2021-10-26,14.965225,15.260942
2021-10-27,15.450008,15.298795
2021-10-28,15.09329,15.252367
2021-10-29,14.993656,15.231518
2021-10-30,15.2100315,15.242141
2021-10-31,14.8882475,15.19882
2021-11-01,15.036256,15.202351
2021-11-02,14.808847,15.168211
2021-11-03,15.850243,15.260825
2021-11-04,15.194142,15.183563
2021-11-05,14.936058,15.145976
2021-11-06,15.2274,15.163206
2021-11-07,15.105265,15.138963
2021-11-08,15.055548,15.121839
2021-11-09,15.320283,15.136033
2021-11-10,15.354281,15.127029
2021-11-11,14.911026,15.070177
2021-11-12,14.881866,15.054612
2021-11-13,14.96793,15.050446
2021-11-14,14.277981,14.968557
2021-11-15,14.525763,14.98032
2021-11-16,15.471855,15.061793
2021-11-17,15.549823,15.056333
2021-11-18,14.903625,15.649232
2021-11-19,15.163825,15.676172
2021-11-20,15.060262,15.666752
2021-11-21,15.967544,15.758431
2021-11-22,15.299049,15.692546
2021-11-23,14.867697,15.650389
2021-11-24,14.576168,15.62223
2021-11-25,14.343418,15.599963
2021-11-26,14.930811,15.659723
2021-11-27,14.594833,15.627163
2021-11-28,14.356698,15.6044
2021-11-29,14.598964,15.629691
2021-11-30,14.4375515,15.614629
2021-12-01,15.343902,15.706357
2021-12-02,15.058728,15.6789465
2021-12-03,14.745395,15.648732
2021-12-04,15.224447,15.697773
2021-12-05,14.739878,15.650465
2021-12-06,14.409825,15.618622
2021-12-07,15.187339,15.697549
2021-12-08,14.841858,15.664188
2021-12-09,14.29894,15.611099
2021-12-10,14.563591,15.63878
2021-12-11,14.317393,15.61539
2021-12-12,14.130442,15.597939
2021-12-13,14.882092,15.674358
2021-12-14,15.191712,15.70659
2021-12-15,14.070807,15.595781
2021-12-16,14.706293,15.6606245
2021-12-17,14.283281,15.619631
2021-12-18,14.319196,15.624544
2021-12-19,14.265402,15.620498
2021-12-20,14.156051,15.610909
2021-12-21,14.441292,15.640793
2021-12-22,14.12909,15.610945
2021-12-23,14.477072,15.647126
2021-12-24,14.350907,15.635907
2021-12-25,14.268628,15.629088
2021-12-26,14.026271,15.606274
2021-12-27,14.11694,15.616775
2021-12-28,14.541291,15.660656
2021-12-29,14.436658,15.651649
2021-12-30,13.923918,15.601848
2021-12-31,14.262857,15.637223
2022-01-01,14.460082,15.65844
2022-01-02,13.63292,15.577229
2022-01-03,14.350172,15.650473
2022-01-04,13.92774,15.609758
2022-01-05,14.318274,15.650352
2022-01-06,13.853013,15.605379
2022-01-07,13.485062,15.5701475
2022-01-08,13.523333,15.575549
2022-01-09,14.060932,15.630897
2022-01-10,14.110438,15.6374445
2022-01-11,13.701286,15.598138
2022-01-12,14.194354,15.649064
2022-01-13,13.40632,15.571893
2022-01-14,13.916705,15.624573
2022-01-15,13.513539,15.585909
2022-01-16,13.678317,15.60405
2022-01-17,13.889688,15.626862
2022-01-18,13.565283,15.596105
2022-01-19,13.70201,15.611474
2022-01-20,14.143643,15.657343
2022-01-21,13.593842,15.604078
2022-01-22,14.0425415,15.650675
2022-01-23,13.365157,15.584673
2022-01-24,13.895989,15.639502
2022-01-25,14.177487,15.669409
2022-01-26,12.850572,15.538485
2022-01-27,13.386226,15.593825
2022-01-28,13.821534,15.639143
2022-01-29,13.538731,15.6126585
2022-01-30,13.707281,15.631319
2022-01-31,13.359309,15.598337
2022-02-01,13.566491,15.620881
2022-02-02,13.4626465,15.61233
2022-02-03,13.8806305,15.655972
2022-02-04,13.552929,15.625054
2022-02-05,13.55733,15.627355
2022-02-06,13.2841015,15.601903
2022-02-07,13.235379,15.59891
2022-02-08,13.230175,15.60028
2022-02-09,13.482217,15.627381
2022-02-10,13.186703,15.599735
2022-02-11,13.399848,15.622964
2022-02-12,13.97121,15.682023
2022-02-13,13.545867,15.64142
2022-02-14,13.12283,15.601058
2022-02-15,13.607852,15.651508
2022-02-16,13.047297,15.59741
2022-02-17,12.479754,15.542619
2022-02-18,12.79884,15.576501
2022-02-19,12.486946,15.547292
2022-02-20,12.968982,15.597485
2022-02-21,13.067838,15.609366
2022-02-22,13.595992,15.6641865
2022-02-23,13.121573,15.618754
2022-02-24,12.914923,15.600108
2022-02-25,13.239721,15.634615
2022-02-26,12.201446,15.532821
2022-02-27,12.992208,15.613938
2022-02-28,13.145745,15.63134
2022-03-01,12.370992,15.55592
2022-03-02,13.220113,15.642894
2022-03-03,12.926645,15.615615
2022-03-04,12.65028,15.590055
2022-03-05,12.974481,15.624557
2022-03-06,13.495244,15.678722
2022-03-07,12.773707,15.6086645
2022-03-08,12.770513,15.610447
2022-03-09,12.509292,15.586433
2022-03-10,12.35372,15.57299
2022-03-11,12.888321,15.62857
2022-03-12,12.300675,15.571934
2022-03-13,12.58434,15.602431
2022-03-14,12.375669,15.583703
2022-03-15,12.668905,15.615171
2022-03-16,12.594779,15.609908
2022-03-17,12.803676,15.632955
2022-03-18,12.262054,15.580954
2022-03-19,12.316291,15.588543
2022-03-20,12.054142,15.564501
2022-03-21,12.206409,15.581904
2022-03-22,12.454345,15.608879
2022-03-23,12.554942,15.621127
2022-03-24,11.969222,15.564746
2022-03-25,12.540442,15.624066
2022-03-26,12.676381,15.639861
2022-03-27,12.336207,15.60805
2022-03-28,12.797856,15.656426
2022-03-29,11.888158,15.567671
2022-03-30,11.705003,15.551577
2022-03-31,11.50075,15.533375
2022-04-01,12.566079,15.6421385
2022-04-02,12.259233,15.613686
2022-04-03,11.996269,15.589624
2022-04-04,12.081779,15.600416
2022-04-05,11.586927,15.553174
2022-04-06,12.750952,15.671825
2022-04-07,11.952361,15.594218
2022-04-08,11.919318,15.59317
2022-04-09,12.098318,15.613328
2022-04-10,11.990255,15.604783
2022-04-11,11.87805,15.595828
2022-04-12,11.513414,15.561633
2022-04-13,11.907529,15.603315
2022-04-14,12.351165,15.649954
2022-04-15,12.145731,15.631689
2022-04-16,12.201739,15.639569
2022-04-17,11.473678,15.569046
2022-04-18,11.287607,15.552724
2022-04-19,11.548926,15.581143
2022-04-20,11.5828,15.586822
2022-04-21,11.902316,15.621066
2022-04-22,10.94678,15.527807
2022-04-23,11.994127,15.63484
2022-04-24,11.404942,15.578219
2022-04-25,11.288645,15.568891
2022-04-26,11.066894,15.549018
2022-04-27,10.825962,15.52723
2022-04-28,11.625285,15.609468
2022-04-29,11.348646,15.584113
2022-04-30,10.867531,15.53831
2022-05-01,10.839134,15.537781
2022-05-02,11.132209,15.5694
2022-05-03,11.773788,15.635872
2022-05-04,11.104231,15.571231
2022-05-05,10.663031,15.529424
2022-05-06,11.055485,15.570987
2022-05-07,11.019815,15.5697365
2022-05-08,10.185093,15.488581
2022-05-09,11.039295,15.576319
2022-05-10,10.95376,15.570084
2022-05-11,11.236162,15.600644
2022-05-12,11.593777,15.638725
2022-05-13,11.326354,15.614302
2022-05-14,10.83459,15.567446
2022-05-15,10.528775,15.539183
2022-05-16,11.728816,15.661507
2022-05-17,10.864196,15.577364
2022-05-18,10.822543,15.575519
2022-05-19,10.783316,15.573915
2022-05-20,10.830861,15.580988
2022-05-21,10.690206,15.56924
2022-05-22,10.520618,15.554599
2022-05-23,10.503085,15.555161
2022-05-24,10.648009,15.57197
2022-05-25,10.45136,15.554621
2022-05-26,10.3684845,15.548647
2022-05-27,10.6152,15.57563
2022-05-28,10.468376,15.563259
2022-05-29,11.028374,15.621569
2022-05-30,9.617085,15.48275
2022-05-31,10.838304,15.607179
2022-06-01,10.863585,15.612013
2022-06-02,9.730878,15.501046
2022-06-03,10.281593,15.558419
2022-06-04,10.245855,15.557147
2022-06-05,9.874376,15.522297
2022-06-06,10.058187,15.542975
2022-06-07,9.921212,15.531572
2022-06-08,10.849474,15.62669
2022-06-09,10.551292,15.599161
2022-06-10,10.637305,15.61005
2022-06-11,10.4281,15.591414
2022-06-12,9.785321,15.52942
2022-06-13,9.961001,15.549268
2022-06-14,10.273174,15.582761
2022-06-15,9.676924,15.525411
2022-06-16,10.296259,15.589614
2022-06-17,9.95282,15.557539
2022-06-18,9.882368,15.552758
2022-06-19,10.21872,15.5886545
2022-06-20,10.104291,15.57947
2022-06-21,9.810399,15.552336
2022-06-22,10.29173,15.60272
2022-06-23,9.519546,15.527749
2022-06-24,10.0598755,15.584026
2022-06-25,15.072172,15.582977
2022-06-26,14.76947,15.552603
2022-06-27,14.979549,15.573504
2022-06-28,14.451989,15.520645
2022-06-29,15.17523,15.592866
2022-06-30,14.803784,15.555619
2022-07-01,14.68938,15.544079
2022-07-02,15.211497,15.596191
2022-07-03,14.6252575,15.537467
2022-07-04,14.388766,15.513719
2022-07-05,14.337596,15.508505
2022-07-06,15.056698,15.580318
2022-07-07,14.426112,15.517162
2022-07-08,15.436084,15.618065
2022-07-09,14.155412,15.489903
2022-07-10,15.413113,15.615579
2022-07-11,14.91621,15.565797
2022-07-12,14.811881,15.555271
2022-07-13,14.66073,15.540066
2022-07-14,14.973671,15.571269
2022-07-15,14.826342,15.556447
2022-07-16,15.204918,15.594216
2022-07-17,14.873494,15.5609865
2022-07-18,14.883791,15.561928
2022-07-19,14.710763,15.544539
2022-07-20,14.811266,15.554504
2022-07-21,14.931132,15.566405
2022-07-22,14.256765,15.498886
2022-07-23,14.375719,15.510698
2022-07-24,15.071165,15.580161
2022-07-25,14.878666,15.560829
2022-07-26,14.758687,15.548751
2022-07-27,14.824469,15.555249
2022-07-28,14.932499,15.565975
2022-07-29,14.635035,15.536151
2022-07-30,14.553841,15.527954
2022-07-31,16.52528,16.466528
2022-08-01,16.135794,16.429306
2022-08-02,16.599754,16.47728
2022-08-03,15.897732,16.408506
2022-08-04,16.809734,16.500988
2022-08-05,16.625475,16.483696
2022-08-06,16.554379,16.47757
2022-08-07,16.797531,16.502724
2022-08-08,17.025892,16.526249
2022-08-09,16.809458,16.505146
2022-08-10,15.858147,16.410408
2022-08-11,16.045519,16.429392
2022-08-12,16.26388,16.451326
2022-08-13,16.480793,16.472965
2022-08-14,16.644426,16.48913
2022-08-15,16.229576,16.4473
2022-08-16,16.533197,16.477167
2022-08-17,16.218435,16.445051
2022-08-18,16.265516,16.44897
2022-08-19,15.999428,16.421427
2022-08-20,16.159365,16.436335
2022-08-21,16.015182,16.420689
2022-08-22,16.138922,16.431683
2022-08-23,16.813732,16.49764
2022-08-24,16.144197,16.429016
2022-08-25,17.336103,16.546389
2022-08-26,16.6209,16.472902
2022-08-27,16.515724,16.460274
2022-08-28,16.165485,16.422993
2022-08-29,16.68237,16.472277
2022-08-30,16.254223,16.426914
2022-08-31,16.483776,16.447172
2022-09-01,17.293308,16.525284
2022-09-02,16.404608,16.433426
2022-09-03,16.816238,16.471457
2022-09-04,16.195112,16.406065
2022-09-05,16.414038,16.424536
2022-09-06,17.012003,16.480762
2022-09-07,16.208622,16.396711
2022-09-08,17.017471,16.473738
2022-09-09,16.644793,16.432467
2022-09-10,16.21678,16.385519
2022-09-11,16.610302,16.42058
2022-09-12,16.718758,16.426992
2022-09-13,16.596756,16.410213
2022-09-14,15.860831,16.331898
2022-09-15,16.136456,16.354595
2022-09-16,16.290762,16.365017
2022-09-17,16.342735,16.365065
2022-09-18,16.568554,16.382353
2022-09-19,16.414858,16.361547
2022-09-20,15.904311,16.304914
2022-09-21,16.469803,16.355743
2022-09-22,16.540087,16.35691
2022-09-23,16.516483,16.348547
2022-09-24,16.683321,16.359087
2022-09-25,16.594051,16.343876
2022-09-26,16.462,16.324245
2022-09-27,16.278255,16.299305
2022-09-28,15.74054,16.238829
2022-09-29,16.429792,16.300907
2022-09-30,16.348055,16.28575
2022-10-01,16.361435,16.27996
2022-10-02,15.837257,16.220282
2022-10-03,15.894263,16.21858
2022-10-04,16.59729,16.281343
2022-10-05,16.224522,16.23639
2022-10-06,16.45619,16.25174
2022-10-07,16.229626,16.22113
2022-10-08,16.221115,16.212189
2022-10-09,16.514818,16.233334
2022-10-10,16.02075,16.175562
2022-10-11,16.21536,16.186525
2022-10-12,16.019636,16.158318
2022-10-13,16.01915,16.1495
2022-10-14,16.05103,16.143782
2022-10-15,16.218088,16.151447
2022-10-16,15.974267,16.117891
2022-10-17,16.542093,16.165367
2022-10-18,15.8148155,16.083199
2022-10-19,16.040089,16.09615
2022-10-20,15.945016,16.076935
2022-10-21,16.562984,16.128891
2022-10-22,16.135098,16.076132
2022-10-23,16.402302,16.092749
2022-10-24,15.551795,15.997463
2022-10-25,16.12448,16.044365
2022-10-26,16.320343,16.053453
2022-10-27,16.039421,16.014736
2022-10-28,16.355202,16.035559
2022-10-29,15.815518,15.970704
2022-10-30,16.445492,16.022688
2022-10-31,16.729628,16.039959
2022-11-01,15.829859,15.93871
2022-11-02,15.789639,15.92329
2022-11-03,16.409796,15.97378
2022-11-04,16.438911,15.96504
2022-11-05,15.725015,15.881873
2022-11-06,15.746012,15.872067
2022-11-07,15.778779,15.863315
2022-11-08,15.411053,15.814388
2022-11-09,15.539343,15.814939
2022-11-10,15.497065,15.798307
2022-11-11,15.561929,15.792269
2022-11-12,15.792245,15.80265
2022-11-13,15.867687,15.797422
2022-11-14,16.292122,15.826971
2022-11-15,15.428041,15.727548
2022-11-16,16.074337,15.779041
2022-11-17,15.66017,15.724367
2022-11-18,15.700149,16.385885
2022-11-19,15.92658,16.409447
2022-11-20,15.31227,16.348951
2022-11-21,15.798719,16.398548
2022-11-22,15.711341,16.390776
2022-11-23,15.804485,16.401066
2022-11-24,15.721073,16.393723
2022-11-25,16.427334,16.465353
2022-11-26,15.380409,16.361685
2022-11-27,15.399951,16.364674
2022-11-28,15.353069,16.361036
2022-11-29,15.359329,16.362726
2022-11-30,15.315604,16.359434
2022-12-01,15.90786,16.419754
2022-12-02,15.968351,16.426908
2022-12-03,15.287804,16.359972
2022-12-04,15.183681,16.350697
2022-12-05,15.601227,16.3936
2022-12-06,15.242846,16.358923
2022-12-07,15.620609,16.397875
2022-12-08,15.459863,16.382988
2022-12-09,14.869441,16.32515
2022-12-10,15.872872,16.42671
2022-12-11,15.937892,16.434439
2022-12-12,15.117112,16.353605
2022-12-13,15.174131,16.360561
2022-12-14,15.380529,16.382471
2022-12-15,15.378482,16.383549
2022-12-16,15.468152,16.39381
2022-12-17,15.900229,16.438326
2022-12-18,15.152588,16.364883
2022-12-19,14.926767,16.343634
2022-12-20,14.714276,16.323732
2022-12-21,14.911473,16.34481
2022-12-22,15.125031,16.367538
2022-12-23,15.715104,16.427929
2022-12-24,14.925116,16.350327
2022-12-25,15.152873,16.374514
2022-12-26,15.053317,16.365978
2022-12-27,15.435329,16.405615
2022-12-28,15.861806,16.449707
2022-12-29,14.822729,16.347256
2022-12-30,14.816623,16.348118
2022-12-31,15.3078,16.398716
2023-01-01,15.166916,16.386122
2023-01-02,15.534957,16.424433
2023-01-03,15.093697,16.381824
2023-01-04,14.75885,16.34987
2023-01-05,15.054959,16.38102
2023-01-06,15.207,16.397778
2023-01-07,15.090182,16.38766
2023-01-08,14.964937,16.376709
2023-01-09,15.130463,16.39485
2023-01-10,15.143629,16.397764
2023-01-11,15.193446,16.404354
2023-01-12,14.927728,16.379402
2023-01-13,14.634453,16.351706
2023-01-14,14.717636,16.361666
2023-01-15,15.04938,16.396492
2023-01-16,14.353285,16.328547
2023-01-17,14.726779,16.36757
2023-01-18,14.4509735,16.341675
2023-01-19,14.569777,16.35525
2023-01-20,14.964362,16.396416
2023-01-21,14.579838,16.359678
2023-01-22,14.509457,16.354366
2023-01-23,14.018441,16.307001
2023-01-24,14.69814,16.376719
2023-01-25,14.642125,16.372873
2023-01-26,15.125537,16.422981
2023-01-27,14.279264,16.340128
2023-01-28,14.432227,16.357212
2023-01-29,14.41954,16.357738
2023-01-30,14.839384,16.401531
2023-01-31,14.258873,16.345295
2023-02-01,14.360635,16.357294
2023-02-02,14.44717,16.367783
2023-02-03,14.283573,16.353266
2023-02-04,14.04931,16.331692
2023-02-05,14.239492,16.352571
2023-02-06,14.509271,16.38142
2023-02-07,13.785744,16.310947
2023-02-08,14.148684,16.34913
2023-02-09,13.847359,16.320896
2023-02-10,14.4553795,16.383602
2023-02-11,13.525528,16.292532
2023-02-12,13.823103,16.324213
2023-02-13,14.11123,16.354958
2023-02-14,14.483345,16.39411
2023-02-15,13.91553,16.339277
2023-02-16,13.728255,16.322504
2023-02-17,14.516181,16.403263
2023-02-18,13.382197,16.291836
2023-02-19,13.107609,16.26636
2023-02-20,13.962824,16.353868
2023-02-21,13.624346,16.322018
2023-02-22,13.426768,16.304264
2023-02-23,13.978717,16.361467
2023-02-24,13.799224,16.34554
2023-02-25,13.505227,16.318165
2023-02-26,13.241723,16.293848
2023-02-27,13.934488,16.365166
2023-02-28,13.835524,16.357317
2023-03-01,13.560795,16.3319
2023-03-02,14.184406,16.396322
2023-03-03,13.187119,16.298664
2023-03-04,13.010201,16.283049
2023-03-05,13.262918,16.310402
2023-03-06,13.453151,16.331512
2023-03-07,13.524198,16.340714
2023-03-08,13.33736,16.324131
2023-03-09,13.509764,16.343481
2023-03-10,12.949822,16.2896
2023-03-11,13.822798,16.379019
2023-03-12,13.288653,16.32773
2023-03-13,13.662916,16.367289
2023-03-14,13.379128,16.34105
2023-03-15,13.391496,16.344429
2023-03-16,13.4034815,16.347778
2023-03-17,13.337066,16.343292
2023-03-18,13.376301,16.349377
2023-03-19,13.579299,16.371843
2023-03-20,13.175903,16.333675
2023-03-21,13.320842,16.350348
2023-03-22,13.028666,16.32331
2023-03-23,13.512651,16.373898
2023-03-24,12.781147,16.302938
2023-03-25,13.580887,16.38511
2023-03-26,12.941115,16.323334
2023-03-27,12.45147,16.276575
2023-03-28,12.944959,16.328136
2023-03-29,12.649071,16.300764
2023-03-30,13.130102,16.351086
2023-03-31,12.606115,16.300913
2023-04-01,12.64867,16.307396
2023-04-02,12.141265,16.258888
2023-04-03,12.5940275,16.306398
2023-04-04,11.910496,16.240288
2023-04-05,12.164124,16.267895
2023-04-06,12.919173,16.345648
2023-04-07,12.901221,16.346106
2023-04-08,12.754672,16.333704
2023-04-09,12.26407,16.286903
2023-04-10,12.544015,16.317158
2023-04-11,12.532222,16.318247
2023-04-12,12.120785,16.27937
2023-04-13,12.981506,16.367714
2023-04-14,12.746278,16.346464
2023-04-15,12.353602,16.309475
2023-04-16,12.409638,16.31736
2023-04-17,12.443543,16.323032
2023-04-18,11.666898,16.247654
2023-04-19,12.238463,16.307096
2023-04-20,12.066897,16.29223
2023-04-21,11.933711,16.281204
2023-04-22,12.147234,16.304852
2023-04-23,12.813505,16.373777
2023-04-24,12.401225,16.334848
2023-04-25,11.970547,16.294083
2023-04-26,12.325123,16.331842
2023-04-27,12.574032,16.359037
2023-04-28,12.389106,16.34285
2023-04-29,12.074083,16.313656
2023-04-30,11.8118725,16.289745
2023-05-01,12.233568,16.334223
2023-05-02,12.105299,16.323711
2023-05-03,12.245847,16.340078
2023-05-04,12.132485,16.331055
2023-05-05,12.243929,16.344513
2023-05-06,11.688987,16.291336
2023-05-07,12.279856,16.35274
2023-05-08,11.879921,16.315062
2023-05-09,12.479147,16.377306
2023-05-10,11.531009,16.284811
2023-05-11,12.312747,16.365303
2023-05-12,11.773428,16.31369
2023-05-13,11.463693,16.285036
2023-05-14,11.492925,16.290277
2023-05-15,11.520835,16.29539
2023-05-16,11.742419,16.319868
2023-05-17,11.748735,16.322817
2023-05-18,11.356666,16.28593
2023-05-19,11.513238,16.303905
2023-05-20,12.208922,16.375793
2023-05-21,12.044174,16.361637
2023-05-22,11.58728,16.318264
2023-05-23,11.42804,16.304657
2023-05-24,11.428937,16.307064
2023-05-25,11.567007,16.323185
2023-05-26,10.99517,16.268314
2023-05-27,11.22393,16.293503
2023-05-28,10.727175,16.24614
2023-05-29,11.390118,16.314745
2023-05-30,11.446473,16.32269
2023-05-31,11.043406,16.284689
2023-06-01,11.702886,16.352942
2023-06-02,10.74342,16.2593
2023-06-03,10.637697,16.25103
2023-06-04,11.174487,16.30701
2023-06-05,11.42258,16.334118
2023-06-06,11.6087675,16.355034
2023-06-07,10.868442,16.283295
2023-06-08,11.354943,16.334236
2023-06-09,10.956564,16.29669
2023-06-10,10.88591,16.29191
2023-06-11,11.212096,16.326815
2023-06-12,11.109113,16.318798
2023-06-13,10.340377,16.244205
2023-06-14,11.332229,16.345665
2023-06-15,11.27433,16.34215
2023-06-16,10.580072,16.274996
2023-06-17,10.894862,16.308743
2023-06-18,10.901985,16.31172
2023-06-19,10.798625,16.303646
2023-06-20,10.502768,16.276318
2023-06-21,10.436848,16.271982
2023-06-22,10.626768,16.293222
2023-06-23,11.000811,16.332876
2023-06-24,10.765764,16.311615
2023-06-25,15.480933,16.280853
2023-06-26,15.859884,16.318642
2023-06-27,14.651323,16.197681
2023-06-28,15.98195,16.330643
2023-06-29,15.017316,16.234074
2023-06-30,15.474606,16.279703
2023-07-01,15.220398,16.25418
2023-07-02,15.160267,16.248068
2023-07-03,15.97698,16.32964
2023-07-04,15.432353,16.275076
2023-07-05,15.701974,16.301943
2023-07-06,15.569054,16.288553
2023-07-07,15.741936,16.305746
2023-07-08,15.606759,16.292133
2023-07-09,15.151724,16.246534
2023-07-10,15.909716,16.322239
2023-07-11,15.411285,16.272303
2023-07-12,15.055259,16.23661
2023-07-13,15.429665,16.273958
2023-07-14,16.070879,16.33799
2023-07-15,15.852294,16.316042
2023-07-16,15.4509325,16.275818
2023-07-17,15.448999,16.275536
2023-07-18,15.456478,16.276197
2023-07-19,16.254217,16.355885
2023-07-20,15.68756,16.299135
2023-07-21,15.7018795,16.300482
2023-07-22,15.900249,16.320236
2023-07-23,15.63471,16.293596
2023-07-24,15.467063,16.27675
2023-07-25,15.48626,16.27859
2023-07-26,15.52615,16.2825
2023-07-27,15.535917,16.283394
2023-07-28,15.789181,16.308643
2023-07-29,15.562269,16.285873
2023-07-30,15.787488,16.30832
2023-07-31,17.163095,17.18731
2023-08-01,17.218128,17.194538
2023-08-02,16.527603,17.127064
2023-08-03,17.500702,17.225803
2023-08-04,17.312178,17.208231
2023-08-05,17.530613,17.231209
2023-08-06,16.233618,17.102493
2023-08-07,17.896091,17.269579
2023-08-08,17.154203,17.19608
2023-08-09,17.570728,17.238274
2023-08-10,16.855135,17.167107
2023-08-11,17.406301,17.22247
2023-08-12,16.851013,17.167038
2023-08-13,16.994171,17.181303
2023-08-14,17.839886,17.265676
2023-08-15,17.13793,17.195135
2023-08-16,17.27342,17.20819
2023-08-17,17.490252,17.229233
2023-08-18,17.364582,17.215878
2023-08-19,17.248455,17.20333
2023-08-20,17.318764,17.209274
2023-08-21,17.996881,17.275858
2023-08-22,17.175007,17.192293
2023-08-23,17.259554,17.199223
2023-08-24,17.54088,17.225685
2023-08-25,17.557152,17.225492
2023-08-26,17.582136,17.226027
2023-08-27,17.397022,17.205404
2023-08-28,16.800604,17.143507
2023-08-29,17.723412,17.233381
2023-08-30,16.793987,17.13789
2023-08-31,17.273983,17.183193
2023-09-01,16.918522,17.144804
2023-09-02,17.145248,17.16449
2023-09-03,17.272734,17.174107
2023-09-04,17.266623,17.170216
2023-09-05,17.29634,17.169765
2023-09-06,17.689638,17.205526
2023-09-07,17.298788,17.162727
2023-09-08,17.061937,17.135183
2023-09-09,17.460238,17.171013
2023-09-10,17.530758,17.173918
2023-09-11,16.720299,17.088581
2023-09-12,17.323706,17.144485
2023-09-13,17.35321,17.142859
2023-09-14,17.01505,17.10432
2023-09-15,17.567402,17.15469
2023-09-16,17.053251,17.098269
2023-09-17,17.139404,17.101732
2023-09-18,17.033974,17.085894
2023-09-19,17.090818,17.086143
2023-09-20,16.714,17.042883
2023-09-21,16.593054,17.025068
2023-09-22,17.598059,17.119707
2023-09-23,16.777567,17.031654
2023-09-24,16.722599,17.020016
2023-09-25,16.328281,16.974298
2023-09-26,16.82595,17.01764
2023-09-27,16.590612,16.98754
2023-09-28,17.571531,17.078926
2023-09-29,17.353191,17.050247
2023-09-30,16.779442,16.985888
2023-10-01,17.751722,17.07599
2023-10-02,17.320095,17.025566
2023-10-03,16.876339,16.973787
2023-10-04,16.143103,16.892925
2023-10-05,17.731356,17.044073
2023-10-06,16.495832,16.912703
2023-10-07,16.401722,16.895342
2023-10-08,17.282055,16.975285
2023-10-09,17.745308,17.013382
2023-10-10,17.384188,16.968906
2023-10-11,17.10129,16.932117
2023-10-12,17.10198,16.923553
2023-10-13,17.178453,16.92243
2023-10-14,17.137064,16.909386
2023-10-15,16.967775,16.883417
2023-10-16,16.898582,16.867323
2023-10-17,16.832644,16.851421
2023-10-18,16.591696,16.817886
2023-10-19,16.738821,16.823025
2023-10-20,16.257273,16.76516
2023-10-21,16.77788,16.80738
2023-10-22,16.470049,16.766626
2023-10-23,16.42049,16.751566
2023-10-24,16.836946,16.782978
2023-10-25,17.229464,16.811863
2023-10-26,17.059906,16.784412
2023-10-27,16.218493,16.689644
2023-10-28,16.400166,16.697054
2023-10-29,17.031538,16.749306
2023-10-30,16.378212,16.672958
2023-10-31,16.618452,16.68584
2023-11-01,16.864157,16.69914
2023-11-02,16.34536,16.635862
2023-11-03,16.69046,16.658848
2023-11-04,16.197712,16.59792
2023-11-05,16.428844,16.609255
2023-11-06,16.722668,16.626734
2023-11-07,16.071709,16.549606
2023-11-08,16.736029,16.603886
2023-11-09,16.569014,16.574905
2023-11-10,16.745943,16.580194
2023-11-11,16.6225,16.555325
2023-11-12,16.98852,16.579277
2023-11-13,16.561357,16.523788
2023-11-14,16.362154,16.490976
2023-11-15,16.531591,16.494902
2023-11-16,16.65733,16.49434
2023-11-17,16.477787,16.463129
2023-11-18,16.460167,17.118885
2023-11-19,16.197643,17.093554
2023-11-20,16.195545,17.094278
2023-11-21,15.933716,17.069048
2023-11-22,16.969051,17.173546
2023-11-23,15.955713,17.07319
2023-11-24,16.123714,17.090986
2023-11-25,16.09943,17.089563
2023-11-26,16.621298,17.142773
2023-11-27,16.208633,17.102541
2023-11-28,16.706697,17.1534
2023-11-29,16.049992,17.088795
2023-11-30,16.351067,17.11998
2023-12-01,15.963071,17.082273
2023-12-02,16.9399,17.181063
2023-12-03,15.812187,17.069412
2023-12-04,16.294405,17.118769
2023-12-05,16.385347,17.129011
2023-12-06,16.294855,17.121124
2023-12-07,16.07787,17.100601
2023-12-08,16.078947,17.101896
2023-12-09,16.119293,17.107136
2023-12-10,16.038038,17.100225
2023-12-11,16.390558,17.136705
2023-12-12,16.788218,17.177715
2023-12-13,15.847536,17.084902
2023-12-14,15.558639,17.057281
2023-12-15,15.967568,17.099457
2023-12-16,16.83854,17.187849
2023-12-17,15.69227,17.074532
2023-12-18,16.487942,17.155418
2023-12-19,16.4821,17.156168
2023-12-20,15.71952,17.081255
2023-12-21,16.074778,17.118141
2023-12-22,16.408873,17.152922
2023-12-23,15.720542,17.085472
2023-12-24,15.759793,17.090796
2023-12-25,15.614384,17.077663
2023-12-26,15.45054,17.062702
2023-12-27,15.552772,17.074358
2023-12-28,15.341515,17.054678
2023-12-29,15.741048,17.09609
2023-12-30,15.453111,17.068768
2023-12-31,15.767675,17.101706
2024-01-01,15.150989,17.04153
2024-01-02,15.759682,17.103907
2024-01-03,15.906896,17.120144
2024-01-04,14.944036,17.025389
2024-01-05,15.71276,17.1038
2024-01-06,15.976654,17.131742
2024-01-07,15.1434765,17.049988
2024-01-08,16.08337,17.145554
2024-01-09,15.644577,17.103262
2024-01-10,15.248859,17.065287
2024-01-11,15.444136,17.086422
2024-01-12,15.6276,17.10639
2024-01-13,15.445494,17.08981
2024-01-14,15.578319,17.104734
2024-01-15,15.07032,17.055588
2024-01-16,15.41205,17.091423
2024-01-17,14.862649,17.038158
2024-01-18,15.275011,17.081078
2024-01-19,14.988893,17.054161
2024-01-20,15.023035,17.059282
2024-01-21,15.658171,17.124512
2024-01-22,15.587748,17.119194
2024-01-23,15.404772,17.102633
2024-01-24,14.815284,17.045431
2024-01-25,15.051494,17.070808
2024-01-26,15.538818,17.121307
2024-01-27,15.159096,17.085114
2024-01-28,15.862287,17.157217
2024-01-29,15.197518,17.092537
2024-01-30,15.107582,17.08535
2024-01-31,14.9176,17.068169
2024-02-01,15.042141,17.082445
2024-02-02,14.923716,17.072435
2024-02-03,15.187407,17.100649
2024-02-04,15.247023,17.108463
2024-02-05,14.642799,17.049902
2024-02-06,14.437649,17.031258
2024-02-07,14.245848,17.013958
2024-02-08,15.003691,17.09163
2024-02-09,14.442943,17.037455
2024-02-10,14.069401,17.002007
2024-02-11,14.892782,17.086258
2024-02-12,15.570409,17.155943
2024-02-13,14.713469,17.072182
2024-02-14,14.971003,17.099876
2024-02-15,14.694722,17.074196
2024-02-16,14.610359,17.067717
2024-02-17,14.925488,17.101192
2024-02-18,14.498111,17.060427
2024-02-19,14.659674,17.078566
2024-02-20,14.653385,17.079924
2024-02-21,14.299001,17.046482
2024-02-22,14.82786,17.101372
2024-02-23,14.414279,17.062025
2024-02-24,14.196041,17.04222
2024-02-25,14.60209,17.08485
2024-02-26,14.099002,17.036575
2024-02-27,14.383062,17.067024
2024-02-28,14.345752,17.06534
2024-02-29,14.685819,17.1014
2024-03-01,14.457093,17.080591
2024-03-02,14.2654705,17.0635
2024-03-03,14.521298,17.091158
2024-03-04,14.686957,17.109806
2024-03-05,14.384282,17.081625
2024-03-06,14.176537,17.062948
2024-03-07,13.710495,17.018446
2024-03-08,13.767374,17.026241
2024-03-09,13.99526,17.051144
2024-03-10,13.868372,17.040575
2024-03-11,13.983714,17.054237
2024-03-12,14.039368,17.061934
2024-03-13,14.171452,17.077282
2024-03-14,13.945745,17.056854
2024-03-15,14.105726,17.075003
2024-03-16,13.939321,17.060518
2024-03-17,13.23357,16.992104
2024-03-18,13.553137,17.026228
2024-03-19,13.792367,17.052322
2024-03-20,13.411276,17.01639
2024-03-21,13.988554,17.076302
2024-03-22,14.272862,17.106918
2024-03-23,14.142864,17.09611
2024-03-24,13.639425,17.047964
2024-03-25,14.181411,17.104362
2024-03-26,13.707952,17.059225
2024-03-27,13.519896,17.04263
2024-03-28,13.40162,17.033018
2024-03-29,13.479064,17.042982
2024-03-30,13.424265,17.039726
2024-03-31,13.584203,17.05795
2024-04-01,13.554637,17.057224
2024-04-02,13.475813,17.051579
2024-04-03,13.594102,17.065647
2024-04-04,13.818973,17.09038
2024-04-05,13.712219,17.081953
2024-04-06,12.874323,17.000416
2024-04-07,12.491546,16.964392
2024-04-08,13.627835,17.080278
2024-04-09,12.834292,17.003187
2024-04-10,13.1885,17.040874
2024-04-11,12.8468685,17.008978
2024-04-12,12.609713,16.987534
2024-04-13,13.364312,17.06527
2024-04-14,13.410309,17.072145
2024-04-15,12.938507,17.027246
2024-04-16,12.240402,16.959717
2024-04-17,12.895394,17.027504
2024-04-18,13.181457,17.058395
2024-04-19,12.531255,16.995667
2024-04-20,13.058705,17.050705
2024-04-21,12.965831,17.04371
2024-04-22,13.137374,17.063164
2024-04-23,12.957471,17.047474
2024-04-24,12.566584,17.010685
2024-04-25,13.263119,17.082642
2024-04-26,12.784737,17.037106
2024-04-27,12.801793,17.04112
2024-04-28,12.473118,17.01056
2024-04-29,12.609757,17.026533
2024-04-30,12.435893,17.011457
2024-05-01,12.646488,17.03483
2024-05-02,13.248018,17.097294
2024-05-03,12.19346,16.994152
2024-05-04,12.086225,16.985744
2024-05-05,13.087789,17.088217
2024-05-06,12.500949,17.031849
2024-05-07,12.321031,17.016174
2024-05-08,12.864028,17.072794
2024-05-09,12.288867,17.017595
2024-05-10,13.0727625,17.098305
2024-05-11,12.663433,17.059692
2024-05-12,12.248196,17.020487
2024-05-13,13.103322,17.108318
2024-05-14,12.155712,17.015877
2024-05-15,12.578395,17.060465
2024-05-16,12.404222,17.045368
2024-05-17,12.711813,17.078445
2024-05-18,12.771861,17.08677
2024-05-19,12.2355,17.035452
2024-05-20,11.947186,17.008938
2024-05-21,12.325163,17.049053
2024-05-22,11.919466,17.0108
2024-05-23,12.790056,17.100174
2024-05-24,12.138013,17.037285
2024-05-25,11.944326,17.020231
2024-05-26,12.101282,17.038239
2024-05-27,11.564326,16.986855
2024-05-28,11.663171,16.99905
2024-05-29,12.360879,17.071129
2024-05-30,11.715504,17.0089
2024-05-31,11.559254,16.995579
2024-06-01,12.060892,17.048048
2024-06-02,12.251058,17.069366
2024-06-03,12.06932,17.053493
2024-06-04,12.135564,17.062416
2024-06-05,11.525193,17.003675
2024-06-06,11.277467,16.981197
2024-06-07,12.225828,17.078327
2024-06-08,11.59184,17.017218
2024-06-09,11.589842,17.019302
2024-06-10,12.090274,17.071632
2024-06-11,11.807082,17.045597
2024-06-12,11.747803,17.041946
2024-06-13,12.291717,17.098616
2024-06-14,11.329794,17.004698
2024-06-15,11.827873,17.056776
2024-06-16,11.511932,17.027449
2024-06-17,11.556839,17.034204
2024-06-18,11.951223,17.075905
2024-06-19,11.585481,17.041588
2024-06-20,11.570153,17.04231
2024-06-21,11.72279,17.059826
2024-06-22,11.218249,17.01162
2024-06-23,11.034827,16.995522
2024-06-24,15.986201,16.98838
2024-06-25,15.677201,16.957375
2024-06-26,17.01624,17.091173
2024-06-27,15.961291,16.985577
2024-06-28,16.25347,17.014688
2024-06-29,16.233147,17.012556
2024-06-30,16.42609,17.03175
2024-07-01,16.593739,17.048414
2024-07-02,16.606863,17.049627
2024-07-03,16.123894,17.001232
2024-07-04,16.260763,17.01482
2024-07-05,16.408886,17.029535
2024-07-06,16.230024,17.011555
2024-07-07,16.846935,17.07315
2024-07-08,16.473045,17.035666
2024-07-09,16.552588,17.043528
2024-07-10,16.526833,17.04086
2024-07-11,16.695276,17.057611
2024-07-12,16.36271,17.024263
2024-07-13,15.868349,16.974735
2024-07-14,16.432117,17.031025
2024-07-15,16.08003,16.995728
2024-07-16,16.119213,16.999557
2024-07-17,16.489147,17.036463
2024-07-18,16.70473,17.057936
2024-07-19,16.297337,17.017113
2024-07-20,16.391476,17.02644
2024-07-21,16.854227,17.072632
2024-07-22,16.365364,17.02366
2024-07-23,17.150639,17.102108
2024-07-24,16.470215,17.033983
2024-07-25,15.693095,16.956192
2024-07-26,16.529438,17.039747
2024-07-27,16.40369,17.027094
2024-07-28,16.704874,17.057135
2024-07-29,16.497667,17.036337
2024-07-30,17.873848,17.915384
